repositories,stars_count,forks_count,issues_count,pull_requests,contributors,language,Language Frequency
donnemartin/system-design-primer,0,0,164,164,115,Python,155
jgthms/bulma,0,0,151,159,380,CSS,37
jgthms/bulma,0,0,151,159,380,CSS,37
loveBabbar/CodeHelp-DSA-Busted-Series,0,913,24,125,19,C++,29
donnemartin/awesome-aws,0,0,5,60,70,Python,155
donnemartin/interactive-coding-challenges,0,0,32,36,42,Python,155
btholt/complete-intro-to-react-v5,0,0,21,32,5,JavaScript,253
Anuj-Kumar-Sharma/DS-Algo,457,382,3,31,8,Java,44
amacgregor/crimson_commerce,72,11,1,31,3,Elixir,2
localstack/localstack,0,0,290,30,434,Python,155
SauravMukherjee44/Aec-Library-Website,5,2,81,29,184,HTML,72
aviaryan/awesome-no-login-web-apps,0,198,9,29,65,Shell,25
ethereum/aleth,0,0,313,27,154,C++,29
btholt/complete-intro-to-linux-and-the-cli,303,93,1,27,9,JavaScript,253
ritwickdey/ritwickdey.github.io,83,21,2,25,0,TypeScript,37
ritwickdey/ritwickdey.github.io,83,21,2,25,0,TypeScript,37
adrianhajdin/project_chat_application,0,973,23,24,0,JavaScript,253
benawad/apollo-server-react-file-upload,79,34,5,23,2,JavaScript,253
EddieHubCommunity/LinkFree,0,956,63,22,658,JavaScript,253
education/classroom,0,589,202,22,67,Ruby,28
education/autograding,27,30,15,22,0,TypeScript,37
education/graduation,756,0,8,22,0,JavaScript,253
btholt/complete-intro-to-react-v6,0,223,11,21,13,JavaScript,253
btholt/complete-intro-to-containers,765,166,6,21,11,JavaScript,253
openfoodfacts/off-category-classification,4,3,16,21,6,Jupyter Notebook,29
dwij2812/FlightBooking-system,6,2,6,21,2,CSS,37
benawad/apollo-mocked-provider,89,24,7,20,9,TypeScript,37
manjurulhoque/angular-task,0,0,1,20,2,HTML,72
btholt/complete-intro-to-computer-science,214,151,3,19,8,JavaScript,253
zemse/create-solidity-project,8,9,15,19,3,JavaScript,253
anuraghazra/BugVilla,206,70,16,19,2,TypeScript,37
khannakshat7/Elektra,38,85,32,18,20,HTML,72
offensive-security/exploitdb,0,0,21,18,17,C,26
feross/bitmidi.com,488,63,8,18,7,JavaScript,253
jgthms/css-reference,0,326,19,18,3,HTML,72
jgthms/css-reference,0,326,19,18,3,HTML,72
octocat/octocat.github.io,233,198,106,18,0,CSS,37
adrianhajdin/ecommerce_sanity_stripe,907,220,27,18,0,JavaScript,253
adrianhajdin/project_corona_tracker,0,373,12,18,0,JavaScript,253
thepranaygupta/Data-Structures-and-Algorithms,616,256,7,17,111,Java,44
sukritishah15/DS-Algo-Point,956,289,142,16,186,Java,44
google/addlicense,530,143,18,16,36,Go,15
WhiteHouse/petitions,0,353,65,16,25,JavaScript,253
rogeriopvl/gulp-ejs,86,34,2,16,16,JavaScript,253
adrianhajdin/project_cryptoverse,0,298,49,16,2,JavaScript,253
vikhyatsingh123/SlugTerra,15,88,7,15,64,JavaScript,253
wellington1993/avaliacao_desenvolvedor,1,70,22,15,0,Ruby,28
wellington1993/avaliacao_desenvolvedor,1,70,22,15,0,Ruby,28
feross/buffer,0,214,24,14,62,JavaScript,253
garimasingh128/awesome-python-projects,440,127,27,14,30,Jupyter Notebook,29
donnemartin/gitsome,0,460,43,14,28,Python,155
kameshsampath/ansible-role-kind,1,2,3,14,2,Jinja,5
kameshsampath/ansible-role-kind,1,2,3,14,2,Jinja,5
AnmolTomer/ejs_projects,2,0,1,14,2,JavaScript,253
vicky002/AlgoWiki,0,0,17,13,194,CSS,37
btholt/complete-intro-to-react-v7,528,125,6,13,13,JavaScript,253
donnemartin/data-science-ipython-notebooks,0,0,11,13,12,Python,155
antonmedv/expr,0,216,41,12,33,Go,15
anuraghazra/anuraghazra.github.io,405,166,8,12,7,JavaScript,253
openfoodfacts/community-portal,3,2,10,12,6,Python,155
openfoodfacts/fastlane-descriptions-smoothie,0,0,13,12,4,Ruby,28
jgthms/bulma-versions,7,4,2,12,0,HTML,72
jgthms/bulma-versions,7,4,2,12,0,HTML,72
ethereum/beacon-APIs,190,106,24,11,25,HTML,72
btholt/complete-intro-to-react,0,961,25,11,15,JavaScript,253
WhiteHouse/datacenters,21,39,6,11,11,JavaScript,253
btholt/complete-intro-to-databases,147,55,1,11,10,JavaScript,253
torvalds/uemacs,898,188,8,11,7,C,26
kdeldycke/kevin-deldycke-blog,34,15,3,11,5,Python,155
btholt/complete-intro-to-react-v4,0,264,2,11,4,JavaScript,253
btholt/algorithms-exercises,135,374,4,11,3,JavaScript,253
trailofbits/algo,0,0,115,10,163,Jinja,5
kdeldycke/mail-deduplicate,127,34,6,10,18,Python,155
donnemartin/dev-setup,0,0,23,10,16,Python,155
openfoodfacts/off-nutrition-table-extractor,172,66,9,10,8,Jupyter Notebook,29
bradtraversy/alexis_speech_assistant,261,177,17,10,6,Python,155
dwij2812/Accord-Checkout,0,0,1,10,3,HTML,72
adrianhajdin/portfolio_website,0,421,7,10,2,JavaScript,253
florinpop17/10-projects-10-hours,0,589,4,10,0,JavaScript,253
EddieHubCommunity/awesome-github-profiles,925,612,51,9,434,HTML,72
education/teachers_pet,184,74,26,9,9,Ruby,28
jgthms/bulma-start,269,72,9,9,2,CSS,37
jgthms/bulma-start,269,72,9,9,2,CSS,37
google/abstracttext,70,11,8,9,2,JavaScript,253
savannahar68/ClipboardHistory,4,2,2,9,2,JavaScript,253
xoreaxeaxeax/sandsifter,0,398,53,9,0,Python,155
SauravMukherjee44/CodeIN-Community-Website,70,142,34,8,65,HTML,72
shradha-khapra/software-product-sprint-2020,8,1,1,8,16,Java,44
openfoodfacts/folksonomy_api,7,5,10,8,5,Python,155
ritwickdey/live-server-web-extension,598,237,56,8,3,JavaScript,253
ritwickdey/live-server-web-extension,598,237,56,8,3,JavaScript,253
cheeaun/busrouter-sg,281,97,7,8,2,JavaScript,253
vivekweb2013/toastmaker,43,11,2,8,2,JavaScript,253
bradtraversy/breakout_desktop_nw,83,27,1,8,0,JavaScript,253
mikenikles/deno-sapper-cloud-run,7,1,1,8,0,JavaScript,253
vasu-1/CalcHub,49,128,5,7,49,JavaScript,253
vasu-1/CalcHub,49,128,5,7,49,JavaScript,253
PawanKolhe/C-Algorithms,59,52,2,7,36,C,26
nayyyhaa/C-codes,5,32,2,7,28,C++,29
marcel-dempers/docker-development-youtube-series,0,0,5,7,21,Go,15
kdeldycke/meta-package-manager,272,27,18,7,15,Python,155
HarshCasper/AllNotes,36,30,12,7,14,JavaScript,253
openfoodfacts/api-documentation,11,7,48,7,10,HTML,72
google/acme,382,55,16,7,10,Go,15
google/adb-sync,0,156,21,7,7,Python,155
davglass/doorbot,315,59,18,7,6,JavaScript,253
ethereum/btcrelay,564,174,15,7,6,Python,155
mitsuhiko/classy,268,43,6,7,4,Python,155
bradtraversy/apex-legends-tracker,127,21,3,7,2,Vue,2
PawanKolhe/color-calendar,130,58,20,7,0,TypeScript,37
ethereum/clrfund,22,76,9,7,0,TypeScript,37
Dashon-Hawkins/calculator-app,0,0,1,7,0,JavaScript,253
vikhyatsingh123/Naruto-Shippuden,85,466,3,6,259,HTML,72
felangel/bloc,0,0,85,6,169,Dart,36
EddieHubCommunity/EddieBot,119,129,16,6,82,TypeScript,37
google/accompanist,0,389,59,6,75,Kotlin,7
rrousselGit/freezed,0,169,61,6,73,Dart,36
localstack/docs,21,32,28,6,44,SCSS,4
WhiteHouse/CIOmanagement,14,28,4,6,15,SCSS,4
jgthms/bulma-website,40,35,14,6,12,CSS,37
jgthms/bulma-website,40,35,14,6,12,CSS,37
donnemartin/saws,0,278,30,6,8,Python,155
mattgallagher/AudioStreamer,0,566,75,6,7,Objective-C,8
Anishde85/sociocom,2,5,2,6,6,HTML,72
WhiteHouse/fortyfour,339,58,15,6,5,CSS,37
btholt/citr-v6-project,487,499,11,6,0,JavaScript,253
Anuj-Kumar-Sharma/NewsApp,40,44,4,6,0,Kotlin,7
Anuj-Kumar-Sharma/Shuffler,275,291,3,6,0,Java,44
PragneshRamani/Coursera---Using-Python-to-Access-Web-Data,37,79,3,6,0,Python,155
PragneshRamani/Coursera---Using-Python-to-Access-Web-Data,37,79,3,6,0,Python,155
wsvincent/awesome-django,0,940,2,5,65,HTML,72
salil-naik/css-art-gallery,126,206,16,5,29,JavaScript,253
ethereum/casper,681,181,18,5,19,Python,155
arogozhnikov/einops,0,249,34,5,18,Python,155
davglass/cpr,76,29,13,5,15,JavaScript,253
donnemartin/haxor-news,0,177,34,5,9,Python,155
WhiteHouse/cyber-acquisitions,8,37,54,5,5,CSS,37
google/account-provisioning-for-google-apps,50,26,8,5,3,Java,44
rupa/epub,360,62,18,5,2,Python,155
zemse/bitcoin3js,3,0,5,5,2,JavaScript,253
adrianhajdin/project_e_commerce,0,450,45,5,0,JavaScript,253
adrianhajdin/project_graphql_blog,977,233,28,5,0,JavaScript,253
adrianhajdin/project_medical_pager_chat,968,336,14,5,0,JavaScript,253
asweigart/automatetheboringstuffwithpythondotcom,63,37,2,5,0,HTML,72
hrushikesh-git/foodDom,0,0,1,5,0,JavaScript,253
smaranjitghose/awesome-portfolio-websites,0,0,16,4,151,HTML,72
EddieHubCommunity/EventCalendar,34,39,12,4,21,JavaScript,253
thrau/jarchivelib,183,33,23,4,7,Java,44
kdeldycke/click-extra,9,2,6,4,5,Python,155
openfoodfacts/facets-knowledge-panels,1,2,5,4,5,Python,155
openfoodfacts/impactestimator,3,1,1,4,5,Python,155
yourcelf/btb,13,8,13,4,3,Python,155
btholt/complete-intro-to-realtime,62,25,1,4,3,JavaScript,253
rogeriopvl/downstagram,32,7,9,4,2,JavaScript,253
torvalds/test-tlb,501,177,4,4,2,C,26
xoreaxeaxeax/movfuscator,0,449,16,4,0,C,26
xoreaxeaxeax/rosenbridge,0,216,9,4,0,C,26
LiveOverflow/liveoverflow_youtube,455,202,5,4,0,C,26
Anuj-Kumar-Sharma/Meme-Share,32,35,1,4,0,Kotlin,7
MrToph/eos-pay-for-user-cpu-example,10,8,1,4,0,TypeScript,37
localstack/localstack-java-utils,64,41,10,3,24,Java,44
trailofbits/ctf,0,248,10,3,18,C,26
trailofbits/cb-multios,465,100,21,3,16,C,26
devongovett/atom-jade,51,26,13,3,15,HTML,72
ljharb/can-merge,14,3,11,3,12,JavaScript,253
sagesharp/foss-heartbeat,297,40,33,3,11,Python,155
ethereum/cbc-casper,227,42,19,3,9,Python,155
ethereum/builder-specs,67,13,13,3,9,HTML,72
antonmedv/finder,775,74,9,3,9,HTML,72
hiranmayee98/github-slideshow,0,0,1,3,8,Ruby,28
saniya44/github-slideshow,0,0,1,3,8,Ruby,28
saniya44/github-slideshow,0,0,1,3,8,Ruby,28
byt3bl33d3r/DeathStar,0,326,9,3,7,Python,155
ralexstokes/beacon-api-client,17,10,8,3,7,Rust,10
google/Accessibility-Test-Framework-for-Android,355,118,7,3,7,Java,44
emersonsoares/asdf-dotnet-core,65,17,5,3,7,Shell,25
feross/clipboard-copy,561,40,3,3,5,JavaScript,253
felangel/bloc.js,171,19,3,3,5,TypeScript,37
ethereum/blake2b-py,5,14,4,3,4,Rust,10
google/across,12,6,1,3,4,HTML,72
LiveOverflow/pwn_docker_example,178,42,4,3,3,Dockerfile,3
openfoodfacts/folksonomy_mobile_experiment,0,0,4,3,3,JavaScript,253
shazow/briefmetrics,20,1,3,3,3,Python,155
LiveOverflow/PwnAdventure3,548,124,18,3,2,C++,29
mikenikles/ghost-v3-google-cloud-storage,13,7,4,3,2,JavaScript,253
jakearchibald/big-web-quiz,109,32,3,3,2,JavaScript,253
Shreeshrii/hindi-hunspell,29,16,3,3,2,Shell,25
saurabhdaware/abell-source-devto,0,0,1,3,2,JavaScript,253
iamrajiv/new-keptn-docs-engine,0,1,81,3,0,JavaScript,253
curiousily/Getting-Things-Done-with-Pytorch,0,513,14,3,0,Jupyter Notebook,29
jishanshaikh4/adblocker-ultimate,16,16,10,3,0,JavaScript,253
saurabhdaware/blog.saurabhdaware.in,4,0,3,3,0,TypeScript,37
btholt/citr-v7-project,306,240,2,3,0,JavaScript,253
xoreaxeaxeax/sinkhole,823,102,1,3,0,Assembly,2
education/autograding-example-python,31,86,1,3,0,Python,155
Anuj-Kumar-Sharma/Firebook,30,29,1,3,0,Java,44
devongovett/babel-plugin-transform-glob-import,5,4,1,3,0,JavaScript,253
douglascrockford/JSON-js,0,0,1,3,0,JavaScript,253
rrousselGit/flutter_hooks,0,142,23,2,45,Dart,36
EddieHubCommunity/good-first-issue-finder,133,92,17,2,31,Svelte,1
antonmedv/fx,0,428,13,2,23,Go,15
EddieHubCommunity/Branding,17,22,2,2,21,HTML,72
EddieHubCommunity/api,52,54,7,2,20,TypeScript,37
MariaEduardaDeAzevedo/nosso-py,52,19,1,2,18,Python,155
education/classroom-assistant,101,39,43,2,17,JavaScript,253
shreyashankar/gpt3-sandbox,0,757,9,2,12,JavaScript,253
devongovett/browserify-istanbul,50,31,5,2,11,JavaScript,253
salil-naik/a11y.css,20,14,2,2,11,CSS,37
samczsun/Skype4J,144,53,43,2,10,Java,44
openfoodfacts/hunger-games,2,6,27,2,9,JavaScript,253
taniarascia/new-moon,0,87,14,2,9,Less,1
antonmedv/countdown,847,79,9,2,8,Go,15
ricksaha2000/JAVA,2,7,7,2,7,Java,44
shazow/apiclient,87,19,2,2,6,Python,155
bradtraversy/breaking-bad-cast,225,150,1,2,6,JavaScript,253
mitsuhiko/clicolors-control,19,9,4,2,5,Rust,10
feross/chunk-store-stream,24,8,1,2,5,JavaScript,253
WhiteHouse/buildmanager,13,15,4,2,4,PHP,16
torvalds/pesconvert,241,56,3,2,4,C,26
devongovett/apple-color-emoji,54,11,1,2,4,JavaScript,253
WhiteHouse/choropleth_dataset,3,11,1,2,4,JavaScript,253
aviaryan/Clipjump,332,58,42,2,3,AutoHotkey,3
simonw/airtable-export,69,8,7,2,3,Python,155
whummer/jaxb-facets,27,17,5,2,3,Java,44
bradtraversy/angular-crash-2021,379,571,2,2,3,TypeScript,37
taniarascia/node-api-postgres,85,52,1,2,3,JavaScript,253
benawad/benawad.com,106,34,1,2,3,JavaScript,253
openfoodfacts/fastlane-descriptions,0,0,1,2,3,JavaScript,253
byt3bl33d3r/chrome-decrypter,251,91,9,2,2,Python,155
LiveOverflow/minecraft-hacked,160,16,9,2,2,Python,155
devongovett/atom-stylus,6,5,5,2,2,CoffeeScript,3
bradtraversy/bookstore,231,211,4,2,2,HTML,72
taniarascia/laconia,350,63,3,2,2,PHP,16
AshAman999/Edify,4,0,3,2,2,Dart,36
rupa/j2,240,23,1,2,2,Python,155
rupa/cuecat,25,3,1,2,2,JavaScript,253
droy312/droy-hacktoberfest2020,1,2,1,2,2,C++,29
Novusvetus/AutoGitIgnore,6,0,1,2,2,PHP,16
Novusvetus/ClassHelper,5,0,1,2,2,PHP,16
SpaceLeft/Lavalink,1,0,1,2,2,Shell,25
adrianhajdin/project_fitness_app,455,138,7,2,0,JavaScript,253
byt3bl33d3r/ItWasAllADream,692,109,5,2,0,Python,155
tinchoabbate/slither-scripts,18,15,3,2,0,Python,155
donnemartin/donnemartin.github.io,51,20,2,2,0,HTML,72
simonw/asgi-cors,15,3,2,2,0,Python,155
bradtraversy/bootstrap-bootcamp-website,321,318,1,2,0,HTML,72
PragneshRamani/Coursera--Using-Databases-with-Python,24,60,1,2,0,JavaScript,253
PragneshRamani/Coursera--Using-Databases-with-Python,24,60,1,2,0,JavaScript,253
anshrathod/Basic-Python-Scripts,18,93,13,1,112,Python,155
EddieHubCommunity/EddieHubCommunity.github.io,101,86,12,1,47,HTML,72
mscoutermarsh/dotfiles,766,184,3,1,23,Vim Script,2
antonmedv/codejar,0,87,14,1,20,TypeScript,37
localstack/helm-charts,28,44,6,1,20,Smarty,1
kaushik-rishi/rocketcp,31,27,8,1,13,JavaScript,253
ethereum/beacon_chain,196,61,4,1,13,Python,155
rrousselGit/functional_widget,508,42,4,1,13,Dart,36
smaranjitghose/ArtCV,47,36,1,1,12,Jupyter Notebook,29
benawad/codeponder,260,47,14,1,9,TypeScript,37
mattgallagher/CwlSignal,305,33,3,1,9,Swift,10
casatwy/CTPersistance,742,156,2,1,9,Objective-C,8
mattgallagher/CwlUtils,581,65,2,1,9,Swift,10
localstack/aws-cdk-local,176,10,4,1,7,JavaScript,253
adrishyantee/GssocDemo,0,8,2,1,7,Java,44
aitikgupta/interactive_cpu_scheduler,0,5,1,1,7,Python,155
ethereum/async-service,6,9,13,1,6,Python,155
ethereum/asyncio-run-in-process,11,7,5,1,6,Python,155
mattgallagher/CwlDemangle,112,25,2,1,6,Swift,10
WhiteHouse/choropleth,4,9,3,1,5,JavaScript,253
taniarascia/memory,96,37,1,1,5,JavaScript,253
feross/blob-to-buffer,68,12,1,1,5,JavaScript,253
casatwy/HandyAutoLayout,0,253,4,1,4,Objective-C,8
WhiteHouse/omb_place,49,22,4,1,4,CSS,37
feross/arch,69,7,2,1,4,JavaScript,253
taniarascia/chip8,363,37,1,1,4,JavaScript,253
droy312/cpp_code2,1,4,1,1,4,C++,29
amacgregor/allanmacgregor,0,0,1,1,4,JavaScript,253
yessine-agrebi/Dev-Blog,2,0,9,1,3,JavaScript,253
google/acai,73,34,8,1,3,Java,44
rajat2502/GitHub-Battle,13,8,5,1,3,JavaScript,253
casatwy/CTMediator,0,749,4,1,3,Objective-C,8
bradtraversy/bookmarker,157,118,3,1,3,JavaScript,253
trailofbits/algo-ng,65,16,3,1,3,HCL,1
tapaswenipathak/Blacklist-By-Words,20,10,3,1,3,JavaScript,253
Errichto/youtube,0,486,2,1,3,C++,29
trailofbits/cvedb,12,4,2,1,3,Python,155
AYIDouble/Binary-Calculator-Android-Java-App,15,5,1,1,3,Java,44
aloisdeniel/dart-opencage-geocoder,7,4,1,1,3,Dart,36
aloisdeniel/dart-opencage-geocoder,7,4,1,1,3,Dart,36
yashrajkakkad/AUtomate,5,2,1,1,3,Python,155
benfoxall/benfoxall.github.com,5,6,13,1,2,JavaScript,253
EddieHubCommunity/infrastructure,17,2,11,1,2,TypeScript,37
defuse/flush-reload-attacks,155,80,9,1,2,Ruby,28
defuse/crackstation-hashdb,296,106,6,1,2,PHP,16
Ishita-0112/Pysa-Hack,0,0,6,1,2,Python,155
aloisdeniel/dio_retry,46,34,5,1,2,Dart,36
aloisdeniel/dio_retry,46,34,5,1,2,Dart,36
adrianhajdin/project_google_clone,324,78,4,1,2,JavaScript,253
lmgonzalves/brushstroke,81,14,4,1,2,JavaScript,253
localstack/aws-sam-cli-local,17,4,3,1,2,Python,155
anuraghazra/circleci-test,0,0,3,1,2,JavaScript,253
benawad/basic-react-form,83,149,2,1,2,JavaScript,253
mrdbourke/airbnb-amenity-detection,142,47,2,1,2,Jupyter Notebook,29
devongovett/blob-stream,100,20,2,1,2,JavaScript,253
rogeriopvl/8bit,82,12,2,1,2,JavaScript,253
gabrielfalcao/couleur,41,3,2,1,2,Python,155
GmGniap/practice_python,1,1,2,1,2,Jupyter Notebook,29
bradtraversy/angular-crash-todolist,224,232,1,1,2,TypeScript,37
wsvincent/django-auth-tutorial,218,97,1,1,2,Python,155
bradtraversy/a4app,82,52,1,1,2,TypeScript,37
ethereum/cable,30,15,1,1,2,CMake,1
goforbg/ClickableMapView,36,8,1,1,2,Kotlin,7
danger-ahead/flutter_dev_folio,24,8,1,1,2,Dart,36
AYIDouble/Decentralized-World-Wide-Web-ERC-721,13,5,1,1,2,Solidity,3
aviaryan/alfred-last2imgur,14,1,1,1,2,Shell,25
cyborgboy/intro-to-semgrep,0,0,1,1,2,TypeScript,37
cyborgboy/intro-to-semgrep,0,0,1,1,2,TypeScript,37
adrianhajdin/chat_application,829,413,19,1,0,JavaScript,253
Tyriar/atom-navigation-history,2,3,13,1,0,CoffeeScript,3
casatwy/CTNetworking,479,104,11,1,0,Objective-C,8
openfoodfacts/DriveOFF,1,6,7,1,0,JavaScript,253
andrewjmead/node-course-v3-code,569,391,6,1,0,JavaScript,253
aloisdeniel/built_vector,33,6,6,1,0,Dart,36
aloisdeniel/built_vector,33,6,6,1,0,Dart,36
aviaryan/BrainGames,45,11,5,1,0,Python,155
aloisdeniel/built_bloc,51,5,5,1,0,Dart,36
aloisdeniel/built_bloc,51,5,5,1,0,Dart,36
taranjeet/blog,0,1,5,1,0,HTML,72
curiousily/Credit-Card-Fraud-Detection-using-Autoencoders-in-Keras,408,254,4,1,0,Jupyter Notebook,29
adrianhajdin/project_hoobank,469,135,4,1,0,JavaScript,253
curiousily/Deploy-BERT-for-Sentiment-Analysis-with-FastAPI,128,41,4,1,0,Python,155
YashKumarVerma/all-covid-info-frontend,9,1,4,1,0,JavaScript,253
eugenioclrc/binance-crypto-triangular-arbitrage,226,93,2,1,0,JavaScript,253
florinpop17/frontend-mentor-challenges,262,91,2,1,0,CSS,37
Anuj-Kumar-Sharma/Java-DSA,131,71,2,1,0,Java,44
Anuj-Kumar-Sharma/Social-App,48,38,2,1,0,Kotlin,7
marcel-dempers/cpu-performance-analysis,22,22,2,1,0,Shell,25
RivaanRanawat/flutter-dapp-tutorial,4,4,2,1,0,C++,29
ducc/ducclang,0,1,2,1,0,JavaScript,253
IonicaBizau/animato.js,5,0,2,1,0,JavaScript,253
artkirienko/final-html-css,1,0,2,1,0,CSS,37
artkirienko/final-html-css,1,0,2,1,0,CSS,37
education/autograding-example-java,21,59,1,1,0,Java,44
ritwickdey/Cake-Shop,44,40,1,1,0,C#,8
ritwickdey/Cake-Shop,44,40,1,1,0,C#,8
byt3bl33d3r/DHCPShock,81,31,1,1,0,Python,155
anuraghazra/CanvasFun,141,30,1,1,0,JavaScript,253
byt3bl33d3r/CME-PowerShell-Scripts,41,30,1,1,0,PowerShell,2
LiveOverflow/lo_nintendoswitch,196,26,1,1,0,HTML,72
wsvincent/django-rest-framework-react-tutorial,68,25,1,1,0,Python,155
nikhilkumarsingh/async-http-requests-tut,38,25,1,1,0,Python,155
byt3bl33d3r/BeEF-API,75,23,1,1,0,Python,155
studiomohawk/jekyll-theme-the_minimum,42,10,1,1,0,Ruby,28
btholt/btholt.github.io,7,10,1,1,0,CSS,37
education/autograding-example-cpp,7,9,1,1,0,C++,29
WhiteHouse/mobile-policy,3,8,1,1,0,CSS,37
KrauseFx/dotfiles,84,7,1,1,0,Shell,25
KrauseFx/dotfiles,84,7,1,1,0,Shell,25
felangel/bloc_todos,6,6,1,1,0,Dart,36
KrauseFx/doesitrain.today,5,2,1,1,0,Ruby,28
KrauseFx/doesitrain.today,5,2,1,1,0,Ruby,28
jakearchibald/accept-encoding-range-test,2,2,1,1,0,JavaScript,253
aloisdeniel/feature_flags,18,1,1,1,0,Dart,36
aloisdeniel/feature_flags,18,1,1,1,0,Dart,36
aviaryan/alfred-clc,16,1,1,1,0,Shell,25
aviaryan/Ahk-CI-Example,14,1,1,1,0,AutoHotkey,3
lucianmarin/pybench,6,1,1,1,0,Python,155
jishanshaikh4/cuda-programs,14,0,1,1,0,Cuda,1
0zul/canvamoji,2,0,1,1,0,JavaScript,253
lucianmarin/pressdown,2,0,1,1,0,PHP,16
itaditya/AM-admin-panel,0,0,1,1,0,HTML,72
artkirienko/int--even,0,0,1,1,0,C,26
artkirienko/int--even,0,0,1,1,0,C,26
carloscuesta/gitmoji,0,691,9,0,88,JavaScript,253
carloscuesta/gitmoji,0,691,9,0,88,JavaScript,253
garimasingh128/CP-DSA-Cpp-C,25,89,5,0,72,C++,29
siddhi-244/Embellish,39,99,1,0,55,HTML,72
siddhi-244/Embellish,39,99,1,0,55,HTML,72
carloscuesta/gitmoji-cli,0,190,4,0,43,JavaScript,253
carloscuesta/gitmoji-cli,0,190,4,0,43,JavaScript,253
EddieHubCommunity/Hackathons,23,25,2,0,26,Java,44
majkinetor/au,214,79,21,0,24,PowerShell,2
sirinath/blog,0,0,2,0,23,Shell,25
skpandey885/HealhUb,19,36,1,0,23,HTML,72
majkinetor/au-packages,53,40,19,0,22,HTML,72
IonicaBizau/anser,50,17,3,0,22,JavaScript,253
arkokoley/pdfvuer,722,114,24,0,17,Vue,2
simonw/asgi-csrf,40,2,2,0,17,Python,155
AnandBaburajan/Kukkee,231,46,12,0,16,TypeScript,37
localstack/localstack-python-client,144,30,3,0,16,Python,155
agamjotsingh18/codesetgo-website,8,25,7,0,14,CSS,37
agamjotsingh18/codesetgo-website,8,25,7,0,14,CSS,37
localstack/awscli-local,702,58,6,0,14,Python,155
EddieHubCommunity/gh-action-community,24,16,3,0,13,JavaScript,253
education/guide,32,18,10,0,12,Ruby,28
RioChndr/jaksel-language,507,55,9,0,12,JavaScript,253
feross/chrome-net,131,26,1,0,12,JavaScript,253
Vectorized/solady,315,21,4,0,10,Solidity,3
ethereum/act,126,22,31,0,9,Haskell,1
EddieHubCommunity/DailyTips,16,6,9,0,9,TypeScript,37
smaranjitghose/auto_vaidya,18,19,8,0,9,Python,155
EddieHubCommunity/EddieBotUI,11,19,5,0,9,JavaScript,253
arogozhnikov/hep_ml,151,58,22,0,8,Jupyter Notebook,29
Ishita-0112/CODES,4,6,5,0,8,Java,44
taniarascia/primitive,879,82,2,0,8,SCSS,4
Anurag5086/Portfolio-website-themes,1,8,2,0,8,HTML,72
Anurag5086/Portfolio-website-themes,1,8,2,0,8,HTML,72
antoniaandreou/github-slideshow,0,0,1,0,8,HTML,72
antoniaandreou/github-slideshow,0,0,1,0,8,HTML,72
Justin77777/github-slideshow,0,0,1,0,8,HTML,72
Rivuozil/github-slideshow,0,0,1,0,8,HTML,72
AneleMbabela/github-slideshow,0,0,1,0,8,HTML,72
ankitkumar70777/github-slideshow,0,0,1,0,8,HTML,72
Luis-Miguel1/github-slideshow,0,0,1,0,8,Ruby,28
adil-Pathan/github-slideshow,0,0,1,0,8,Ruby,28
DevGupta-ikr/github-slideshow,0,0,1,0,8,Ruby,28
ralexstokes/ethereum-consensus,41,11,21,0,7,Rust,10
EddieHubCommunity/EddieHubLive,15,12,15,0,7,JavaScript,253
trailofbits/blight,63,5,14,0,7,Python,155
Clueless-Community/clueless-official-website,5,4,8,0,7,TypeScript,37
casatwy/RTNetworking,0,317,2,0,7,Objective-C,8
mattgallagher/CwlPreconditionTesting,157,39,2,0,7,Swift,10
saurabhdaware/DEV-widget,94,12,2,0,7,JavaScript,253
carloscuesta/carloscuesta.me,39,7,2,0,7,JavaScript,253
carloscuesta/carloscuesta.me,39,7,2,0,7,JavaScript,253
brettkromkamp/contextualise,960,43,57,0,6,Python,155
google/accname,14,3,9,0,6,TypeScript,37
AYIDouble/Binary-Calculator-JavaScript,48,9,8,0,6,JavaScript,253
EddieHubCommunity/gh-actions-html-table-generator,23,13,6,0,6,JavaScript,253
nikhilkumarsingh/content-downloader,104,68,3,0,6,Python,155
trailofbits/constexpr-everything,231,11,3,0,6,C++,29
EddieHubCommunity/EddieBotBreakout,14,2,3,0,6,TypeScript,37
RakeshSeervi/congenial-spoon,0,7,1,0,6,CSS,37
justinshenk/fer,210,62,19,0,5,Jupyter Notebook,29
justinshenk/fer,210,62,19,0,5,Jupyter Notebook,29
garimasingh128/Alexa-skills-starters,24,15,18,0,5,Python,155
casatwy/CTVideoPlayerView,641,81,11,0,5,Objective-C,8
idvoretskyi/buildbot,0,0,8,0,5,HTML,72
defuse/crackstation,103,35,7,0,5,Hack,2
trailofbits/AppJailLauncher,133,19,6,0,5,C++,29
Raz0r/aemscan,158,52,4,0,5,Python,155
Clueless-Community/Datasets,4,3,4,0,5,JavaScript,253
trailofbits/bisc,71,15,3,0,5,Ruby,28
ethereum/alexandria,6,8,3,0,5,Python,155
97shivank/Hotel-Site-with-Django,5,7,3,0,5,Python,155
MariaEduardaDeAzevedo/centavos-search,7,4,3,0,5,JavaScript,253
ankushKun/animedoro-timer,32,8,2,0,5,HTML,72
taniarascia/new-moon-chrome-devtools,56,5,2,0,5,CSS,37
rchtgpt/tablot,0,0,2,0,5,Python,155
ethereum/asyncio-cancel-token,9,7,1,0,5,Python,155
jdrago999/AWS-S3,14,6,1,0,5,Perl,3
RamyaChinnadurai/intro-react,1,0,1,0,5,JavaScript,253
ethereum/clef-ui,24,15,13,0,4,QML,1
Abhishek-kumar09/AutoBot,2,0,6,0,4,JavaScript,253
offensive-security/masscan-web-ui,437,176,5,0,4,PHP,16
garimasingh128/Draw,1,4,5,0,4,HTML,72
antonmedv/jsize,179,12,4,0,4,JavaScript,253
RonLek/ALPR-and-Identification-for-Indian-Vehicles,25,8,4,0,4,Jupyter Notebook,29
openfoodfacts/eu-food-data,8,6,4,0,4,HTML,72
Rajdip019/booklee,7,1,4,0,4,JavaScript,253
byt3bl33d3r/arpspoof,175,66,3,0,4,Python,155
emersonsoares/cep-api,98,44,3,0,4,C#,8
xprilion/fireshort,63,28,2,0,4,JavaScript,253
taniarascia/chat,154,27,2,0,4,TypeScript,37
trailofbits/appjaillauncher-rs,97,14,2,0,4,Rust,10
vivekweb2013/audio-recorder,22,4,2,0,4,Java,44
divyamagwl/Depocalypse,14,5,1,0,4,JavaScript,253
divyamagwl/Depocalypse,14,5,1,0,4,JavaScript,253
securearth/backman,3,0,1,0,4,Python,155
shobhit97/open-gpstracker,0,0,172,0,3,Java,44
defuse/defuse.ca,53,17,14,0,3,HTML,72
devraj/PassCodeInput,21,2,11,0,3,Swift,10
openfoodfacts/folksonomy_frontend,1,0,9,0,3,JavaScript,253
nerdynikhil/bloggy,2,4,8,0,3,Dart,36
WhiteHouse/logger,5,7,6,0,3,PHP,16
trailofbits/censys-ruby,9,3,5,0,3,Ruby,28
ralexstokes/deposit-verifier,15,7,4,0,3,Python,155
MariaEduardaDeAzevedo/detector-de-mascaras,167,23,3,0,3,Python,155
smaranjitghose/AppleFoliarAI,7,9,3,0,3,Dockerfile,3
nerdynikhil/codestreak,4,3,3,0,3,JavaScript,253
amacgregor/amgr_phx,0,1,3,0,3,CSS,37
ck37/featurerank,1,0,3,0,3,R,1
gasteigerjo/turbulent,0,0,3,0,3,C++,29
taniarascia/react-hooks,339,207,2,0,3,JavaScript,253
arogozhnikov/infiniteboost,184,22,2,0,3,Jupyter Notebook,29
carloscuesta/starterkit,88,13,2,0,3,JavaScript,253
carloscuesta/starterkit,88,13,2,0,3,JavaScript,253
ducc/DubTrack4J,1,3,2,0,3,Java,44
sambitraze/cpp,0,3,2,0,3,C++,29
norbusan/jfontmaps,434,1,2,0,3,Perl,3
norbusan/jfontmaps,434,1,2,0,3,Perl,3
localstack/localstack-extensions,9,1,2,0,3,Python,155
bradtraversy/brainjs_examples,105,58,1,0,3,JavaScript,253
nikhilkumarsingh/clix,15,34,1,0,3,Python,155
ck37/coral-ordinal,48,17,1,0,3,Python,155
avikalpg/POPL,37,13,1,0,3,Oz,1
zfogg/ascii-chat,158,8,1,0,3,C,26
mattgallagher/CwlViews,166,6,1,0,3,Swift,10
google/aarch64-paging,6,2,1,0,3,Rust,10
iamakshat01/e-gurukul,0,2,1,0,3,JavaScript,253
shazow/colorblendy,22,1,1,0,3,JavaScript,253
vivekweb2013/commandhunt,9,1,1,0,3,Java,44
MannyP31/Dev-folio-1,5,1,1,0,3,HTML,72
trailofbits/btfparse,5,1,1,0,3,C++,29
Anurag5086/chatify,0,1,1,0,3,JavaScript,253
Anurag5086/chatify,0,1,1,0,3,JavaScript,253
localstack/ci-plugin-circleci,3,0,1,0,3,Makefile,6
thrau/my-action-tests,1,0,1,0,3,Python,155
Mitesh411/hello-github-actions,0,0,1,0,3,Dockerfile,3
tapaswenipathak/CFP,0,1,21,0,2,Python,155
openfoodfacts/hungergames-old,4,2,12,0,2,Python,155
vasu-1/pygithub-bot,8,1,12,0,2,Python,155
vasu-1/pygithub-bot,8,1,12,0,2,Python,155
adrianhajdin/projects_realestate,749,262,9,0,2,JavaScript,253
JayjeetAtGithub/Audition-Management-System,3,8,9,0,2,Python,155
jishanshaikh4/assignments,21,1,8,0,2,C++,29
brettkromkamp/topic-db,216,13,7,0,2,Python,155
avikalpg/free-time,2,5,7,0,2,JavaScript,253
byt3bl33d3r/duckhunter,96,39,6,0,2,Python,155
gabrielfalcao/dead-parrot,16,4,5,0,2,Python,155
fromgopi/cookbook-api,2,1,5,0,2,Python,155
AYIDouble/Cat-Face-Detector-with-OpenCV-and-JavaFX,24,7,4,0,2,Java,44
mitsuhiko/better-panic,332,6,4,0,2,Rust,10
yourcelf/afgexplorer,48,6,4,0,2,Python,155
nikhilkumarsingh/awesome-wikidata-scripts,6,3,4,0,2,Jupyter Notebook,29
asweigart/bext,13,2,4,0,2,Python,155
jamesbachini/Encryption-VScode,3,2,4,0,2,JavaScript,253
0xCaso/defillama-telegram-bot,0,1,4,0,2,JavaScript,253
AnkushMalaker/speech-emotion-recognition,5,0,4,0,2,PureBasic,1
bradtraversy/angular60,129,102,3,0,2,JavaScript,253
mrdbourke/m1-machine-learning-test,303,84,3,0,2,Jupyter Notebook,29
ritwickdey/organic-shop,56,36,3,0,2,TypeScript,37
ritwickdey/organic-shop,56,36,3,0,2,TypeScript,37
itaditya/background-check,27,12,3,0,2,JavaScript,253
google/actions-on-google-trivia-template-sdk,14,8,3,0,2,JavaScript,253
Tyriar/abbr-touch,51,4,3,0,2,HTML,72
MariaEduardaDeAzevedo/jogo-da-velha,7,3,3,0,2,Python,155
rogeriopvl/Downpy,9,1,3,0,2,Python,155
sreehari2003/cvshare.io,5,1,3,0,2,TypeScript,37
nikhilkumarsingh/cmail,3,1,3,0,2,Python,155
antonmedv/gofx,234,10,2,0,2,Go,15
AYIDouble/Deep-Learning-Machine-Learning-AI-TensorFlow-Python,19,8,2,0,2,Python,155
AYIDouble/BMI-Calculator-JavaScript,18,7,2,0,2,JavaScript,253
IonicaBizau/ajs,21,6,2,0,2,JavaScript,253
AnmolTomer/ml_bootcamp_udemy,6,6,2,0,2,Jupyter Notebook,29
aviaryan/clipjump-addons,9,4,2,0,2,AutoHotkey,3
kdeldycke/mdx_titlecase,1,3,2,0,2,Python,155
AYIDouble/IoT-Arduino-Game-Controller-Java,16,2,2,0,2,Java,44
simonw/asyncinject,26,1,2,0,2,Python,155
harryadel/blastjs,9,1,2,0,2,JavaScript,253
kameshsampath/ansible-role-openshift-spices,2,1,2,0,2,HTML,72
kameshsampath/ansible-role-openshift-spices,2,1,2,0,2,HTML,72
rijusougata13/movie-recommender,1,1,2,0,2,HTML,72
AnirudhDagar/gh-tracker,15,0,2,0,2,JavaScript,253
DaiJunMaster/DJColorfulSlider,13,0,2,0,2,Objective-C,8
kameshsampath/ansible-role-rosa-demos,0,0,2,0,2,Makefile,6
kameshsampath/ansible-role-rosa-demos,0,0,2,0,2,Makefile,6
robertsdionne/neural-network-papers,0,377,1,0,2,JavaScript,253
taniarascia/pdo,216,183,1,0,2,PHP,16
douglascrockford/TDOP,146,32,1,0,2,HTML,72
lmgonzalves/jelly,111,32,1,0,2,JavaScript,253
gasteigerjo/gdc,156,26,1,0,2,Python,155
SauravMukherjee44/Portfolio-Saurav-Mukherjee,37,18,1,0,2,CSS,37
marcel-dempers/k8s-build-your-own,3,13,1,0,2,Shell,25
trailofbits/cfg-showcase,38,12,1,0,2,C++,29
feross/capture-frame,112,10,1,0,2,JavaScript,253
mrdbourke/food-not-food,45,9,1,0,2,Jupyter Notebook,29
lmgonzalves/letters,57,8,1,0,2,JavaScript,253
justinshenk/deepemotion,12,7,1,0,2,JavaScript,253
justinshenk/deepemotion,12,7,1,0,2,JavaScript,253
AYIDouble/IOTA-Arbitrage,13,6,1,0,2,JavaScript,253
gabrielfalcao/bolacha,17,5,1,0,2,Python,155
itaditya/AR-shopping,2,5,1,0,2,HTML,72
cheeaun/3d-touch-canvas,59,4,1,0,2,HTML,72
jishanshaikh4/CSE-217-Data-Structures-Laboratory,23,3,1,0,2,C++,29
Priyansh19077/ColorSwtichClone,5,3,1,0,2,Java,44
curiousily/dissertation,4,3,1,0,2,Jupyter Notebook,29
shazow/communal,43,2,1,0,2,Go,15
EddieHubCommunity/LiveStream-GitOps-Demo,9,2,1,0,2,JavaScript,253
lucianmarin/wp-journalist,6,2,1,0,2,PHP,16
jamesbachini/satoshisearch,0,2,1,0,2,JavaScript,253
localstack/amplify-js-local,16,1,1,0,2,JavaScript,253
brettkromkamp/typed-tree,14,1,1,0,2,Python,155
tobie/async-it,6,1,1,0,2,JavaScript,253
AshAman999/FUNZONE,2,1,1,0,2,Dart,36
Swayms-stack/Python-Programs,2,1,1,0,2,Jupyter Notebook,29
PranamBhat/Angular-Ivy-Compiler,0,1,1,0,2,TypeScript,37
RioChndr/algorithm_challenge,0,1,1,0,2,PHP,16
patraanjan23/abstractform,0,1,1,0,2,SCSS,4
AYIDouble/Brainfuck-Interpreter-Node.js,10,0,1,0,2,JavaScript,253
vicky002/charmander,7,0,1,0,2,Python,155
danger-ahead/flutter_dictionary,5,0,1,0,2,Dart,36
ljharb/big-integer-max,3,0,1,0,2,JavaScript,253
rchtgpt/certifyed,2,0,1,0,2,Python,155
dwij2812/Grain-Monitoring-System-Using-LoRaWAN-Webapp,1,0,1,0,2,HTML,72
kaushik-rishi/codemirror-record,0,0,1,0,2,JavaScript,253
tapaswenipathak/API-list,0,0,1,0,2,Python,155
hellofuddin/github-slideshow,0,0,1,0,2,HTML,72
Pavel401/LogIn-UI,0,0,1,0,2,Dart,36
trailofbits/brew-pip-audit,0,0,1,0,2,Ruby,28
prtamil/cstl,0,0,1,0,2,C,26
vaananart/codeql-uboot,0,0,1,0,2,CodeQL,2
Raz0r/codeql-uboot,0,0,1,0,2,CodeQL,2
kameshsampath/ansible-collection-kubernetes-spices,0,0,5,0,1,Jinja,5
kameshsampath/ansible-collection-kubernetes-spices,0,0,5,0,1,Jinja,5
ashryanbeats/favicon-export-for-xd,2,0,1,0,1,JavaScript,253
markwylde/assert-plan,0,0,1,0,1,JavaScript,253
devraj/google-diff-match-patch,0,0,57,0,0,Python,155
gylidian/gylidian.github.io,0,0,31,0,0,HTML,72
lynxerzhang/JSSkills,0,0,25,0,0,JavaScript,253
google/access-bridge-explorer,97,46,21,0,0,C#,8
Tyriar/dotfiles,31,5,21,0,0,Shell,25
Chirag321ratvekar/MLOPs-Automation-,0,1,20,0,0,Jupyter Notebook,29
Shreeshrii/tessdata_shreetest,133,28,16,0,0,Shell,25
education/GitHubGraduation-2021,0,0,14,0,0,JavaScript,253
prtamil/c-libutl,0,0,14,0,0,C,26
google/active-qa,339,69,13,0,0,Python,155
benawad/astralfans-landing,98,3,11,0,0,HTML,72
OmkarKandale/pet-clinic,0,0,11,0,0,Java,44
defuse/DAWr,19,0,10,0,0,Rust,10
kdeldycke/chessboard,7,4,9,0,0,Python,155
Tyriar/abbr-fill.js,2,0,9,0,0,JavaScript,253
avikalpg/IndianVotingAssistant,6,1,8,0,0,Jupyter Notebook,29
marcoscaceres/bib_entry_maker,0,0,8,0,0,JavaScript,253
xbelanch/llegir-en-xarxa,0,0,8,0,0,JavaScript,253
ducc/BorkedJavaMusicBot,0,0,8,0,0,Java,44
taranjeet/django-starter-skeleton,2,0,7,0,0,Python,155
artkirienko/dotfiles,1,0,7,0,0,Ruby,28
artkirienko/dotfiles,1,0,7,0,0,Ruby,28
curiousily/Deep-Learning-For-Hackers,824,391,6,0,0,Jupyter Notebook,29
donnemartin/viz,759,123,6,0,0,Python,155
nikhilkumarsingh/facebook-messenger-bot,16,16,6,0,0,Python,155
mager/floor.report.old,0,0,6,0,0,TypeScript,37
bradtraversy/angularfs,54,44,5,0,0,TypeScript,37
manjurulhoque/android-near-by-places,24,14,5,0,0,Java,44
ak7550/garments-store,0,4,5,0,0,JavaScript,253
thrau/pymq,21,3,5,0,0,Python,155
defuse/elfplayer,10,3,5,0,0,JavaScript,253
devongovett/browserify-optional,9,1,5,0,0,JavaScript,253
amacgregor/dot-files,438,318,4,0,0,Vim Script,2
nikhilkumarsingh/flask-chat-app,41,23,4,0,0,Python,155
defuse/backup-verify,9,8,4,0,0,Ruby,28
xbelanch/OBS4Pi,30,5,4,0,0,Shell,25
ducc/DiscrimFarmer,13,3,4,0,0,Go,15
RonLek/FastV2C-HandNet,8,2,4,0,0,Python,155
keshav-space/safe_notes,2,2,4,0,0,Dart,36
lmorchard/about-me,3,0,4,0,0,JavaScript,253
jonfroehlich/jonfroehlich.github.io,3,0,4,0,0,HTML,72
jonfroehlich/HCID521Wi2020,0,0,4,0,0,JavaScript,253
dhananjaym2/android-imagedownloader,0,0,4,0,0,Java,44
trailofbits/circuitous-benchmarks,0,0,4,0,0,C++,29
offensive-security/exploitdb-bin-sploits,0,545,3,0,0,Python,155
mrdbourke/cs329s-ml-deployment-tutorial,513,140,3,0,0,Jupyter Notebook,29
stong/CVE-2021-3156,431,119,3,0,0,C,26
stong/CVE-2021-3156,431,119,3,0,0,C,26
crnacura/AmbientCanvasBackgrounds,514,112,3,0,0,JavaScript,253
casatwy/ConfigPrivatePod,69,70,3,0,0,Shell,25
RivaanRanawat/flutter-whatsapp-clone,75,45,3,0,0,Dart,36
gasteigerjo/dimenet,199,38,3,0,0,Python,155
Shreeshrii/tess5train-fonts,72,19,3,0,0,HTML,72
YosephKS/moralis-opensea-plugins,26,14,3,0,0,JavaScript,253
aloisdeniel/bluff,84,8,3,0,0,Dart,36
aloisdeniel/bluff,84,8,3,0,0,Dart,36
nikhilkumarsingh/desktop_reminder,7,4,3,0,0,Python,155
ihcsim/cockroachdb-formula,2,2,3,0,0,Ruby,28
aviaryan/alfred-google-search,32,1,3,0,0,Python,155
ljharb/aud,24,1,3,0,0,JavaScript,253
ForrestPi/anomalyLocalization,13,1,3,0,0,Python,155
kdeldycke/kdenlive-tools,6,1,3,0,0,Python,155
aviaryan/CFBuddy,2,1,3,0,0,Java,44
PawanKolhe/calc-2000,1,1,3,0,0,JavaScript,253
kdeldycke/cqlengine-relation-columns,1,1,3,0,0,Python,155
defuse/gadgetrie,4,0,3,0,0,C,26
clindsey/cookbook,3,0,3,0,0,Ruby,28
lengstrom/codezoo,1,0,3,0,0,JavaScript,253
lengstrom/codezoo,1,0,3,0,0,JavaScript,253
Priyansh19077/OnlyPolling,0,0,3,0,0,Java,44
nerdynikhil/bookclub,0,0,3,0,0,Dart,36
defuse/dfcrypt,0,0,3,0,0,C,26
lmgonzalves/segment,0,101,2,0,0,CSS,37
iamshaunjp/angular-2-playlist,31,49,2,0,0,CSS,37
iamshaunjp/angular-2-playlist,31,49,2,0,0,CSS,37
LiveOverflow/pwnedit,187,24,2,0,0,C,26
lmgonzalves/pieces,220,22,2,0,0,JavaScript,253
themaaz32/download_teach,18,18,2,0,0,Dart,36
LiveOverflow/NECAnalyzer,44,17,2,0,0,C++,29
DeepGautamFullStack/DeepCart,14,15,2,0,0,TypeScript,37
taniarascia/accordion,116,11,2,0,0,JavaScript,253
CharlesCreativeContent/CodeWars,60,11,2,0,0,JavaScript,253
andrewjmead/short-lnk-meteor-course,5,11,2,0,0,JavaScript,253
bradtraversy/aioweb,13,10,2,0,0,PHP,16
arogozhnikov/DeepMMD-GAN,13,8,2,0,0,Jupyter Notebook,29
antonmedv/fx-completion,169,7,2,0,0,JavaScript,253
savannahar68/CamScanner-Python,2,5,2,0,0,Python,155
Shreeshrii/tessdata_ssd,24,4,2,0,0,Shell,25
zemse/contract-ownership-governance,1,3,2,0,0,TypeScript,37
trailofbits/cast2gif,7,2,2,0,0,Python,155
PawanKolhe/amizone-fetch-api,4,2,2,0,0,JavaScript,253
nikhilkumarsingh/globTut,3,2,2,0,0,Jupyter Notebook,29
ihcsim/customer-invoice-management,2,2,2,0,0,JavaScript,253
norbusan/cinnadock-p2,439,1,2,0,0,JavaScript,253
norbusan/cinnadock-p2,439,1,2,0,0,JavaScript,253
AYIDouble/Keyboard,8,1,2,0,0,Java,44
IonicaBizau/add-subtract-date,7,1,2,0,0,JavaScript,253
kerrishotts/cordova-plugin-ios-launch-screen,3,1,2,0,0,JavaScript,253
markwylde/angular-fresh,2,1,2,0,0,JavaScript,253
artkirienko/n-th_longest,0,1,2,0,0,C++,29
artkirienko/n-th_longest,0,1,2,0,0,C++,29
jishanshaikh4/CSE-219-Principles-of-Programming-Languages,17,0,2,0,0,C++,29
jishanshaikh4/CSE-229-PHP-Laboratory,16,0,2,0,0,Hack,2
rupa/mkdn,8,0,2,0,0,Python,155
jhonsnow456/Flutter-Apps-Project,5,0,2,0,0,Dart,36
shazow/clicker.go,4,0,2,0,0,Go,15
saurabhdaware/jest-fs-mock,2,0,2,0,0,JavaScript,253
beatak/es-promise-http,2,0,2,0,0,JavaScript,253
Harshal0902/COVID-19-Tracker,2,0,2,0,0,JavaScript,253
kylelix7/job-ui,1,0,2,0,0,JavaScript,253
brettkromkamp/topic-db-api,1,0,2,0,0,Python,155
motasimmakki/Chat-Application-In-Java,1,0,2,0,0,Java,44
ihcsim/go-ini,1,0,2,0,0,Go,15
avikalpg/avikalpg.github.io,1,0,2,0,0,Roff,1
clindsey/AlphabetSoup,0,0,2,0,0,JavaScript,253
justinshenk/gitcommit,0,0,2,0,0,JavaScript,253
karar189/Music-App,0,0,2,0,0,JavaScript,253
justinshenk/gitcommit,0,0,2,0,0,JavaScript,253
dylanbeattie/Confocal,0,0,2,0,0,CSS,37
dylanbeattie/Confocal,0,0,2,0,0,CSS,37
priyanshumaitra/ccp-assignments,0,0,2,0,0,C++,29
kameshsampath/ansible-role-minikube,0,0,2,0,0,Makefile,6
kameshsampath/ansible-role-minikube,0,0,2,0,0,Makefile,6
lengstrom/Dangerous-Chef-Pioneer,5,605,1,0,0,JavaScript,253
lengstrom/Dangerous-Chef-Pioneer,5,605,1,0,0,JavaScript,253
davglass/builder,3,57,1,0,0,JavaScript,253
jigar-sable/flipkart-mern,91,49,1,0,0,JavaScript,253
jakearchibald/appcache-demo,240,44,1,0,0,Python,155
benawad/cra-redux-saga,75,41,1,0,0,JavaScript,253
shradha-khapra/ApnaCollege-Java,60,35,1,0,0,Java,44
arogozhnikov/3d_nn,166,34,1,0,0,JavaScript,253
douglascrockford/JSON-c,104,33,1,0,0,C,26
themaaz32/design_clone,38,32,1,0,0,Dart,36
taranjeet/django-library-app,49,28,1,0,0,Python,155
Vectorized/Python-KD-Tree,105,26,1,0,0,Python,155
Anuj-Kumar-Sharma/Dad-Jokes-Chrome-Extension,29,26,1,0,0,HTML,72
joelparkerhenderson/brewfile,104,24,1,0,0,Ruby,28
sayakpaul/Breast-Cancer-Detection-using-Deep-Learning,28,24,1,0,0,Jupyter Notebook,29
defuse/email-spoofing,39,22,1,0,0,Ruby,28
aviaryan/chattt,248,20,1,0,0,JavaScript,253
bradtraversy/bizlight_theme,43,18,1,0,0,CSS,37
antonmedv/chat,54,17,1,0,0,JavaScript,253
codophobia/Multi-Client-Server-Chat,14,17,1,0,0,C,26
education/autograding-example-c,7,17,1,0,0,Shell,25
felangel/codemagic_bloc_unit_tests,12,15,1,0,0,Dart,36
iamrajiv/helloworld-grpc-gateway,21,14,1,0,0,Go,15
studiomohawk/js-testing-boilerplates,12,14,1,0,0,JavaScript,253
themaaz32/audio_playere_tet,17,13,1,0,0,Dart,36
Shreeshrii/tessdata_ocrb,56,12,1,0,0,Shell,25
sayakpaul/Benchmarking-and-MLI-experiments-on-the-Adult-dataset,35,12,1,0,0,Jupyter Notebook,29
ahmedEid1/E-Learning-Platform,11,11,1,0,0,JavaScript,253
nikhilkumarsingh/discovering-hidden-apis,7,11,1,0,0,Jupyter Notebook,29
mattgallagher/Clocks,102,9,1,0,0,Swift,10
benawad/apollo-link-state-tutorial,27,9,1,0,0,TypeScript,37
RivaanRanawat/flutter-multiplayer-tictactoe,13,9,1,0,0,Dart,36
dheerajkotwani/CineWatch,27,8,1,0,0,Kotlin,7
Anuj-Kumar-Sharma/Rubiks_cube_Solver,26,8,1,0,0,Java,44
adrianhajdin/project_gif_app,23,8,1,0,0,CSS,37
DeepGautamFullStack/Integrating-Chart-Js-in-Angular-7,16,8,1,0,0,TypeScript,37
lmgonzalves/elastic-range-input,34,7,1,0,0,CSS,37
Vectorized/VoxNet-Tensorflow,10,7,1,0,0,Python,155
Errichto/convex-hull-of-dynamic-set,10,7,1,0,0,C++,29
RivaanRanawat/cuadro,8,7,1,0,0,Dart,36
douglascrockford/fash,29,6,1,0,0,Assembly,2
google/adcase,4,6,1,0,0,Python,155
nikhilkumarsingh/glitch-test,1,6,1,0,0,Shell,25
defuse/dnsfs,33,5,1,0,0,Ruby,28
Shreeshrii/tessdata_arabic,22,5,1,0,0,Shell,25
byt3bl33d3r/hookme,12,5,1,0,0,C#,8
gwmccubbin/voting_dapp,11,5,1,0,0,JavaScript,253
jhonsnow456/ML-Algorithms,2,5,1,0,0,Jupyter Notebook,29
jakearchibald/async-waituntil-polyfill,31,4,1,0,0,JavaScript,253
JDevlieghere/InTeXration,18,4,1,0,0,Python,155
JDevlieghere/InTeXration,18,4,1,0,0,Python,155
ArefMq/action-recognition-via-snn,16,4,1,0,0,Python,155
Anuj-Kumar-Sharma/GitLearningRepo,10,4,1,0,0,Python,155
shreyassai123/NFT-Wallet,26,3,1,0,0,Swift,10
devongovett/bmp.js,14,3,1,0,0,CoffeeScript,3
bradtraversy/bootsassy,6,3,1,0,0,JavaScript,253
ljharb/call-bind,5,3,1,0,0,JavaScript,253
ayan2809/Go-Back-N-ARQ-,5,3,1,0,0,Python,155
emersonsoares/CakePHP-Dinamic-Select-Box,5,3,1,0,0,PHP,16
ritwickdey/expensify-app,4,3,1,0,0,JavaScript,253
ritwickdey/expensify-app,4,3,1,0,0,JavaScript,253
gamemann/All_PropHealth,4,3,1,0,0,SourcePawn,1
nikita9604/Blogging-Website-using-Flask,2,3,1,0,0,HTML,72
ArefMq/SPLCommunicationTester,2,3,1,0,0,C++,29
lucianmarin/logparser,137,2,1,0,0,Python,155
xchanmolx/E-CommerceApp,49,2,1,0,0,C#,8
mattgallagher/CwlFeedReader,29,2,1,0,0,Swift,10
devongovett/bundler-algorithm,28,2,1,0,0,Rust,10
artkirienko/hlds-docker-dproto,19,2,1,0,0,Pawn,2
artkirienko/hlds-docker-dproto,19,2,1,0,0,Pawn,2
localstack/chalice-local,17,2,1,0,0,Python,155
lucianmarin/instanote,17,2,1,0,0,PHP,16
jishanshaikh4/CSE-317-Operating-Systems-Laboratory,16,2,1,0,0,C++,29
AnkushMalaker/HUSE,14,2,1,0,0,Python,155
loveBabbar/ProgressTracker,10,2,1,0,0,Java,44
aviaryan/CloseFolder,9,2,1,0,0,Python,155
manjurulhoque/android-scheduler,5,2,1,0,0,Java,44
SOUMEE2000/Goodreads-Book-Finder-Getting-Started-Project-,3,2,1,0,0,HTML,72
iliyass-zamouri/flutter_agenda,3,2,1,0,0,Dart,36
ljharb/big-integer-min,2,2,1,0,0,JavaScript,253
jakearchibald/aac-decode-bug,0,2,1,0,0,HTML,72
mattgallagher/CwlWhitespace,26,1,1,0,0,Swift,10
jishanshaikh4/CSE-215-Computer-Graphics-Programs,16,1,1,0,0,C,26
saurabhdaware/blep,14,1,1,0,0,JavaScript,253
StErMi/forge-damn-vulnerable-defi,12,1,1,0,0,Solidity,3
Clueless-Community/collegeAPI,11,1,1,0,0,Python,155
vasu-1/GithubBotApp,6,1,1,0,0,Python,155
vasu-1/GithubBotApp,6,1,1,0,0,Python,155
lukefire5156/REMOTE-EDUCATION-APP---EMAGISTER,6,1,1,0,0,Java,44
lukefire5156/REMOTE-EDUCATION-APP---EMAGISTER,6,1,1,0,0,Java,44
Shreeshrii/tessdata_emoji,6,1,1,0,0,Shell,25
vitasha10/vkbot,6,1,1,0,0,PHP,16
kerrishotts/cordova-template-webpack-ts-scss,4,1,1,0,0,JavaScript,253
devongovett/babel-plugin-transform-async-super,4,1,1,0,0,JavaScript,253
YashKandalkar/Collabora,3,1,1,0,0,JavaScript,253
unnat404/My-DSA-Handbook,3,1,1,0,0,C++,29
lynxerzhang/AS3Util,3,1,1,0,0,ActionScript,1
Tyriar/canvas-astar.dart,2,1,1,0,0,Dart,36
lmorchard/arboretum,1,1,1,0,0,JavaScript,253
Hritik14/BashServerClient,1,1,1,0,0,Shell,25
D3xter1922/FirstReactWebApp,0,1,1,0,0,JavaScript,253
benfoxall/code-along,0,1,1,0,0,JavaScript,253
hpaez/problemas-competencias,0,1,1,0,0,Java,44
blackstorm0514/Moonsama-ERC1155-Subsquid,0,1,1,0,0,TypeScript,37
shazow/colorlib,16,0,1,0,0,JavaScript,253
jishanshaikh4/CSE-315-Compiler-Design-Laboratory,16,0,1,0,0,C,26
jishanshaikh4/cpp-building,16,0,1,0,0,QMake,1
kerrishotts/cordova-keyboard-example,15,0,1,0,0,CSS,37
ducc/egg,14,0,1,0,0,Go,15
zfogg/dotfiles,13,0,1,0,0,Shell,25
saurabhdaware/import-ls,9,0,1,0,0,JavaScript,253
blackstorm0514/opencart_bizzsite,8,0,1,0,0,PHP,16
ljharb/actions,7,0,1,0,0,JavaScript,253
antonmedv/kot,7,0,1,0,0,JavaScript,253
asweigart/asciiartjsondb,7,0,1,0,0,Python,155
kerrishotts/cordova-template-webpack-babel-scss,6,0,1,0,0,JavaScript,253
vicky002/CodeChef-API,6,0,1,0,0,Python,155
simonw/asgi-log-to-sqlite,6,0,1,0,0,Python,155
shreyashankar/datatracker,5,0,1,0,0,Python,155
mscoutermarsh/AddEvent-Ruby,5,0,1,0,0,Ruby,28
cblecker/cluster-api-provider-jira,5,0,1,0,0,Go,15
AnkushMalaker/pretrained-dcnn-attention-ser,4,0,1,0,0,Python,155
oliveeyay/EtherTracker,4,0,1,0,0,Kotlin,7
IonicaBizau/asciify-pixel,3,0,1,0,0,JavaScript,253
MariaEduardaDeAzevedo/celare,3,0,1,0,0,Python,155
lmgonzalves/lmgonzalves.github.io,3,0,1,0,0,CSS,37
studiomohawk/FiveCast,3,0,1,0,0,Shell,25
unnat404/eCommerce,2,0,1,0,0,JavaScript,253
MariaEduardaDeAzevedo/header,2,0,1,0,0,Python,155
Ipseeta/CRUD-SpringMVC-Mongo-API,2,0,1,0,0,HTML,72
ali123321123/Kids-Math-App,2,0,1,0,0,Java,44
RonLek/Alive,2,0,1,0,0,C++,29
localstack/localstack-packaged-cli,2,0,1,0,0,Makefile,6
carloscuesta/n26-github-actions-demo,1,0,1,0,0,JavaScript,253
carloscuesta/n26-github-actions-demo,1,0,1,0,0,JavaScript,253
kaushik-rishi/procmon,1,0,1,0,0,JavaScript,253
curiousily/burglar-alarm-system-with-tensorflow-js-and-react,1,0,1,0,0,JavaScript,253
RonLek/C-AWARE,1,0,1,0,0,Python,155
brettkromkamp/knowledge-graph-experiments,1,0,1,0,0,Python,155
andreyscott/banner,1,0,1,0,0,HTML,72
lengstrom/blog,1,0,1,0,0,HTML,72
lengstrom/blog,1,0,1,0,0,HTML,72
yessine-agrebi/Interactive-pricing-compnent,1,0,1,0,0,CSS,37
meenal21/meenal-jain,1,0,1,0,0,CSS,37
Shreeshrii/tess5training-rajarajan,1,0,1,0,0,Shell,25
aldriguz/dotnet-training,1,0,1,0,0,C#,8
aldriguz/SampleMVC,1,0,1,0,0,C#,8
eddiejaoude/BattleSnake,1,0,1,0,0,Gherkin,1
MrTwinkleSharma/eCommerce,0,0,1,0,0,JavaScript,253
beatak/each_html_char-js,0,0,1,0,0,JavaScript,253
ducc/a2-coursework,0,0,1,0,0,JavaScript,253
savannahar68/Firefox-Assistant-Anna-,0,0,1,0,0,JavaScript,253
jhonsnow456/Blog-App,0,0,1,0,0,JavaScript,253
newwebash/cat-clicker,0,0,1,0,0,JavaScript,253
masterpranay1/form-validator,0,0,1,0,0,JavaScript,253
aka-jain/Github-Search,0,0,1,0,0,JavaScript,253
AshAman999/Link-Shortner,0,0,1,0,0,JavaScript,253
EstrelaE/quadras-dos-santos,0,0,1,0,0,JavaScript,253
ifnotak/Strenua,0,0,1,0,0,JavaScript,253
sreehari2003/Netflix-clone-React,0,0,1,0,0,JavaScript,253
PawanKolhe/calc-2000-web-app,0,0,1,0,0,JavaScript,253
ForrestPi/deepfakeDetection,0,0,1,0,0,Python,155
jhonsnow456/Tkinter-Collections,0,0,1,0,0,Python,155
jhonsnow456/CLI-RPG-Game,0,0,1,0,0,Python,155
GmGniap/MOHS_Scraper,0,0,1,0,0,Python,155
taranjeet/hindi-news-classifier,0,0,1,0,0,Python,155
shubhamkarande13/1stRepo,0,0,1,0,0,HTML,72
skpandey885/Flipkart-UI-Clone,0,0,1,0,0,HTML,72
newwebash/fcc-product-landing-page,0,0,1,0,0,HTML,72
newwebash/fcc-tribute-page,0,0,1,0,0,HTML,72
Ipseeta/JavaPractice,0,0,1,0,0,Java,44
idvoretskyi/community-tools,0,0,1,0,0,CSS,37
Debajyoti14/Meal-App,0,0,1,0,0,Dart,36
artkirienko/int-flip,0,0,1,0,0,C,26
artkirienko/int-flip,0,0,1,0,0,C,26
mager/cafebean-api,0,0,1,0,0,Go,15
ralexstokes/cargo-template,0,0,1,0,0,Rust,10
amacgregor/epub_parser,0,0,1,0,0,Elixir,2
